{
  "services": [],
  "initialCamera": {
    "west": 87.28096219391276,
    "south": -30.86765840194679,
    "east": -169.03762934855362,
    "north": 28.29621582751248,
    "position": {
      "x": -15075437.516734473,
      "y": 13048778.505821656,
      "z": -769988.2748737069
    },
    "direction": {
      "x": 0.7554942437864971,
      "y": -0.6539297475545967,
      "z": 0.04005412423946961
    },
    "up": {
      "x": -0.03028496363571941,
      "y": 0.026213619478750064,
      "z": 0.9991975115726666
    }
  },
  "homeCamera": {
    "north": -8,
    "east": 158,
    "south": -45,
    "west": 109
  },
  "corsDomains": [
    "corsproxy.com",
    "programs.communications.gov.au",
    "www.asris.csiro.au",
    "mapsengine.google.com",
    "s3-ap-southeast-2.amazonaws.com",
    "data.melbourne.vic.gov.au",
    "data.act.gov.au"
  ]
}
